<?xml version="1.0" encoding="UTF-8"?>
<project-private xmlns="http://www.netbeans.org/ns/project-private/1">
    <editor-bookmarks xmlns="http://www.netbeans.org/ns/editor-bookmarks/2" lastBookmarkId="0"/>
    <open-files xmlns="http://www.netbeans.org/ns/projectui-open-files/2">
        <group>
            <file>file:/C:/Users/haaar/Documents/NetBeansProjects/Aloitelaatikko_ver2/src/java/Tietovarastopakkaus/Kayttaja.java</file>
            <file>file:/C:/Users/haaar/Documents/NetBeansProjects/Aloitelaatikko_ver2/src/java/Servletit/lisaaKayttaja.java</file>
            <file>file:/C:/Users/haaar/Documents/NetBeansProjects/Aloitelaatikko_ver2/web/jspSivut/lisaaKayttaja.jsp</file>
            <file>file:/C:/Users/haaar/Documents/NetBeansProjects/Aloitelaatikko_ver2/src/java/Tietovarastopakkaus/Tietovarasto.java</file>
        </group>
    </open-files>
</project-private>
